Comment,Designator,Footprint,LCSC Part #
100nF,"C12,C13,C14,C15,C3",Capacitor_SMD:C_0805_2012Metric,C49678
10k,R2,Resistor_SMD:R_0805_2012Metric,C17414
10uF,"C1,C2",Capacitor_SMD:C_0805_2012Metric,C15850
20pF,"C10,C11",Capacitor_SMD:C_0805_2012Metric,C1798
330R,R1,Resistor_SMD:R_0805_2012Metric,C17630
4.7uF,C16,Capacitor_SMD:C_0805_2012Metric,C1779
LED,D1,LED_SMD:LED_0805_2012Metric,C131244
MCP1825S-3302E/DB,U1,Package_TO_SOT_SMD:SOT-223-3_TabPin2,C148031
STM32F103C8T6,U2,Package_QFP:LQFP-48_7x7mm_P0.5mm,C8734
